"Identifier","Scientific_Name","Taxonomic_Code"
"7000","PHALLOSTETHIDAE","16301"
"7001","BEDOTIIDAE","16303"
"7002","MELANOTAENIIDAE","16304"
"7003","PSEUDOMUGILIDAE","16305"
"7004","NOTOCHEIRIDAE","16306"
"7005","TELMATHERINIDAE","16307"
"7006","DENTATHERINIDAE","16308"
"7007","CYPRINODONTIDAE","15702"
"7008","GOODEIDAE","15704"
"7009","ANABLEPIDAE","15706"
"7010","POECILIIDAE","15707"
"7011","APLOCHEILIDAE","15708"
"7012","FUNDULIDAE","15710"
"7013","VALENCIIDAE","15711"
"7014","PROFUNDULIDAE","15709"
"7015","ADRIANICHTHYIDAE","14709"
"7016","HEMIRAMPHIDAE","14703"
"7017","LEPISOSTEIDAE","11901"
"7018","HIODONTIDAE","12804"
"7019","PANTODONTIDAE","12805"
"7020","MORMYRIDAE","12806"
"7021","GYMNARCHIDAE","12807"
"7022","NOTACANTHIDAE","14502"
"7023","HETERENCHELYIDAE","14307"
"7024","MORINGUIDAE","14308"
"7025","NEMICHTHYIDAE","14320"
"7026","CHLOPSIDAE","14321"
"7027","MYROCONGRIDAE","14305"
"7028","SYNAPHOBRANCHIDAE","14318"
"7029","COLOCONGRIDAE","14322"
"7030","NETTASTOMATIDAE","14311"
"7031","SERRIVOMERIDAE","14323"
"7032","OPHICHTHIDAE","14315"
"7033","DERICHTHYIDAE","14301"
"7034","SACCOPHARYNGIDAE","13501"
"7035","EURYPHARYNGIDAE","13502"
"7036","MONOGNATHIDAE","13503"
"7037","CYEMATIDAE","13504"
"7038","DENTICIPITIDAE","12110"
"7039","SUNDASALANGIDAE","12104"
"7040","OPISTHOPROCTIDAE","12313"
"7041","PLATYTROCTIDAE","12315"
"7042","LEPIDOGALAXIIDAE","12316"
"7043","SYNBRANCHIDAE","16802"
"7044","CAESIONIDAE","17000"
"7045","CENTROPOMIDAE","17001"
"7046","SERRANIDAE","17002"
"7047","TERAPONTIDAE","17004"
"7048","MORONIDAE","17006"
"7049","PERCICHTHYIDAE","17008"
"7050","CENTRARCHIDAE","17010"
"7051","PRIACANTHIDAE","17011"
"7052","APOGONIDAE","17012"
"7053","ACROPOMATIDAE","17013"
"7054","PERCIDAE","17014"
"7055","SILLAGINIDAE","17015"
"7056","BRANCHIOSTEGIDAE","17016"
"7057","LACTARIIDAE","17019"
"7058","POMATOMIDAE","17020"
"7059","RACHYCENTRIDAE","17022"
"7060","CARANGIDAE","17023"
"7061","BRAMIDAE","17027"
"7062","CORYPHAENIDAE","17028"
"7063","ARRIPIDAE","17029"
"7064","EMMELICHTHYIDAE","17030"
"7065","LUTJANIDAE","17032"
"7066","NEMIPTERIDAE","17033"
"7067","POLYNEMIDAE","17077"
"7068","LEIOGNATHIDAE","17035"
"7069","GALAXIIDAE","12318"
"7070","SALANGIDAE","12309"
"7071","CHLOROPHTHALMIDAE","13112"
"7072","EUCLICHTHYIDAE","14810"
"7073","INDOSTOMIDAE","15003"
"7074","CARISTIIDAE","17055"
"7075","HAEMULIDAE","17036"
"7076","SCIAENIDAE","17037"
"7077","LETHRINIDAE","17038"
"7078","SPARIDAE","17039"
"7079","CENTRACANTHIDAE","17040"
"7080","MULLIDAE","17041"
"7081","DICHISTIIDAE","17043"
"7082","KYPHOSIDAE","17047"
"7083","CHAETODONTIDAE","17052"
"7084","CICHLIDAE","17059"
"7085","LABRIDAE","17063"
"7086","SCARIDAE","17065"
"7087","CHEILODACTYLIDAE","17070"
"7088","LATRIDAE","17071"
"7089","DINOLESTIDAE","17087"
"7090","NOTOTHENIIDAE","17092"
"7091","BATHYDRACONIDAE","17093"
"7092","CHANNICHTHYIDAE","17094"
"7093","HARPAGIFERIDAE","17097"
"7094","GERREIDAE","17046"
"7095","PETROMYZONTIDAE","10201"
"7096","MYXINIDAE","10303"
"7097","HEXANCHIDAE","10502"
"7098","CETORHINIDAE","10601"
"7099","ODONTASPIDIDAE","10602"
"7100","ALOPIIDAE","10606"
"7101","LAMNIDAE","10608"
"7102","GINGLYMOSTOMATIDAE","10703"
"7103","RHINCODONTIDAE","10705"
"7104","SCYLIORHINIDAE","10801"
"7105","CARCHARHINIDAE","10802"
"7106","SPHYRNIDAE","10803"
"7107","TRIAKIDAE","10804"
"7108","PSEUDOTRIAKIDAE","10805"
"7109","SQUALIDAE","10901"
"7110","SQUATINIDAE","10903"
"7111","OXYNOTIDAE","10905"
"7112","ECHINORHINIDAE","10906"
"7113","RHINOBATIDAE","11001"
"7114","PRISTIDAE","11002"
"7115","RAJIDAE","11004"
"7116","DASYATIDAE","11005"
"7117","MYLIOBATIDAE","11007"
"7118","MOBULIDAE","11008"
"7119","GYMNURIDAE","11010"
"7120","TORPEDINIDAE","11101"
"7121","CHIMAERIDAE","11201"
"7122","RHINOCHIMAERIDAE","11202"
"7123","CALLORHINCHIDAE","11203"
"7124","PROTOPTERIDAE","11602"
"7125","ACIPENSERIDAE","11701"
"7126","POLYODONTIDAE","11702"
"7130","CLUPEIDAE","12105"
"7131","ENGRAULIDAE","12106"
"7132","CHIROCENTRIDAE","12111"
"7133","CHANIDAE","12202"
"7134","SALMONIDAE","12301"
"7135","KNERIIDAE","12203"
"7136","PHRACTOLAEMIDAE","12204"
"7137","NEOSCOPELIDAE","13205"
"7138","THYMALLIDAE","12302"
"7139","PLECOGLOSSIDAE","12303"
"7140","OSMERIDAE","12304"
"7141","ARGENTINIDAE","12305"
"7142","ALEPOCEPHALIDAE","12314"
"7143","COREGONIDAE","12312"
"7144","ESOCIDAE","12403"
"7145","GONOSTOMATIDAE","12501"
"7146","STERNOPTYCHIDAE","12502"
"7147","NOTOPTERIDAE","12802"
"7148","OSTEOGLOSSIDAE","12801"
"7149","MYCTOPHIDAE","13208"
"7150","CHARACIDAE","13801"
"7151","CATOSTOMIDAE","14001"
"7152","CYPRINIDAE","14002"
"7153","COBITIDAE","14005"
"7154","MOCHOKIDAE","14132"
"7155","ARIIDAE","14102"
"7156","PLOTOSIDAE","14106"
"7157","SILURIDAE","14107"
"7158","BAGRIDAE","14108"
"7159","ICTALURIDAE","14110"
"7160","SCHILBEIDAE","14116"
"7161","CLARIIDAE","14118"
"7162","ANGUILLIDAE","14302"
"7163","MURAENIDAE","14306"
"7164","MURAENESOCIDAE","14309"
"7165","CONGRIDAE","14313"
"7166","BELONIDAE","14701"
"7167","SCOMBERESOCIDAE","14702"
"7168","EXOCOETIDAE","14704"
"7169","MURAENOLEPIDIDAE","14801"
"7170","MORIDAE","14802"
"7171","BREGMACEROTIDAE","14803"
"7172","GADIDAE","14804"
"7173","MERLUCCIIDAE","14805"
"7174","HALOSAURIDAE","14501"
"7175","GONORYNCHIDAE","12206"
"7176","RETROPINNIDAE","12310"
"7177","GIGANTURIDAE","13101"
"7178","AULOPIDAE","13102"
"7179","SYNODONTIDAE","13116"
"7180","MELANONIDAE","14807"
"7181","MACROURIDAE","14806"
"7182","GASTEROSTEIDAE","15001"
"7183","MACRORAMPHOSIDAE","15103"
"7184","BERYCIDAE","16102"
"7185","TRACHICHTHYIDAE","16105"
"7186","ZEIDAE","16201"
"7187","CAPROIDAE","16203"
"7188","OREOSOMATIDAE","16204"
"7189","MUGILIDAE","16501"
"7190","ATHERINIDAE","16302"
"7191","ANARHICHADIDAE","17102"
"7192","ZOARCIDAE","17115"
"7193","ACANTHURIDAE","17402"
"7194","EPHIPPIDAE","17405"
"7195","SCATOPHAGIDAE","17406"
"7196","SCOMBRIDAE","17501"
"7197","ISTIOPHORIDAE","17503"
"7198","XIPHIIDAE","17504"
"7199","GEMPYLIDAE","17505"
"7200","TRICHIURIDAE","17506"
"7201","STROMATEIDAE","17603"
"7202","ARIOMMATIDAE","17604"
"7203","ANABANTIDAE","17605"
"7204","CENTROLOPHIDAE","17608"
"7205","OSPHRONEMIDAE","17609"
"7206","BELONTIIDAE","17610"
"7207","HELOSTOMATIDAE","17611"
"7208","AMARSIPIDAE","17612"
"7209","ELEOTRIDAE","17320"
"7210","GOBIIDAE","17321"
"7211","SCORPAENIDAE","17801"
"7212","TRIGLIDAE","17802"
"7213","HEXAGRAMMIDAE","17807"
"7214","ANOPLOPOMATIDAE","17808"
"7215","PLATYCEPHALIDAE","17809"
"7216","COTTIDAE","17813"
"7217","NORMANICHTHYIDAE","17816"
"7218","CYCLOPTERIDAE","17820"
"7219","BOTHIDAE","18301"
"7220","PLEURONECTIDAE","18302"
"7221","SOLEIDAE","18303"
"7222","CYNOGLOSSIDAE","18304"
"7223","SCOPHTHALMIDAE","18305"
"7224","CITHARIDAE","18306"
"7225","PSETTODIDAE","18307"
"7226","BALISTIDAE","19010"
"7227","TETRAODONTIDAE","19002"
"7228","BATRACHOIDIDAE","19301"
"7229","LOPHIIDAE","19501"
"7230","BATHYLAGIDAE","12306"
"7231","CHAMPSODONTIDAE","17206"
"7232","CHIASMODONTIDAE","17207"
"7233","PERCOPHIDAE","17208"
"7234","BRACHIONICHTHYIDAE","19503"
"7235","ANTENNARIIDAE","19502"
"7236","CHAUNACIDAE","19504"
"7237","OGCOCEPHALIDAE","19505"
"7238","CAULOPHRYNIDAE","19506"
"7239","DICERATIIDAE","19508"
"7240","HIMANTOLOPHIDAE","19509"
"7241","ONEIRODIDAE","19510"
"7242","HETERODONTIDAE","10401"
"7243","CHLAMYDOSELACHIDAE","10501"
"7244","ORECTOLOBIDAE","10702"
"7245","HEMISCYLLIIDAE","10704"
"7246","BRACHAELURIDAE","10706"
"7247","STEGOSTOMATIDAE","10701"
"7248","PARASCYLLIIDAE","10707"
"7249","MEGACHASMIDAE","10605"
"7250","MITSUKURINIDAE","10603"
"7251","PSEUDOCARCHARIIDAE","10604"
"7252","LEPTOCHARIIDAE","10807"
"7253","HEMIGALEIDAE","10806"
"7254","PROSCYLLIIDAE","10808"
"7255","PRISTIOPHORIDAE","10902"
"7256","NARCINIDAE","11102"
"7257","ANACANTHOBATIDAE","11014"
"7258","PLESIOBATIDAE","11015"
"7259","HEXATRYGONIDAE","11012"
"7260","UROLOPHIDAE","11013"
"7261","PINGUIPEDIDAE","17209"
"7262","TRICHONOTIDAE","17210"
"7263","SIGANIDAE","17407"
"7264","PRISTIGASTERIDAE","12112"
"7265","ARTEMIIDAE","20202"
"7266","POTAMOTRYGONIDAE","11006"
"7267","CERATODONTIDAE","11301"
"7268","LEPIDOSIRENIDAE","11401"
"7269","LATIMERIIDAE","11501"
"7270","POLYPTERIDAE","11601"
"7271","AMIIDAE","11801"
"7272","GIGANTACTINIDAE","19511"
"7273","NEOCERATIIDAE","19512"
"7274","CERATIIDAE","19513"
"7275","LINOPHRYNIDAE","19514"
"7276","TETRABRACHIIDAE","19515"
"7277","LOPHICHTHYIDAE","19516"
"7278","MELANOCETIDAE","19507"
"7279","CENTROPHRYNIDAE","19517"
"7280","GOBIESOCIDAE","19201"
"7281","MICROSTOMATIDAE","12307"
"7282","LEPTOCHILICHTHYIDAE","12317"
"7283","LAMPRIDAE","15201"
"7284","VELIFERIDAE","15202"
"7285","LOPHOTIDAE","15203"
"7286","TRACHIPTERIDAE","15204"
"7287","REGALECIDAE","15205"
"7288","STYLEPHORIDAE","15206"
"7289","ATELEOPODIDAE","15207"
"7290","MIRAPINNIDAE","15208"
"7291","MEGALOMYCTERIDAE","15209"
"7292","RADIICEPHALIDAE","15210"
"7293","PERCOPSIDAE","15901"
"7294","APHREDODERIDAE","15902"
"7295","AMBLYOPSIDAE","15903"
"7296","GYRINOCHEILIDAE","14003"
"7297","PSILORHYNCHIDAE","14006"
"7298","BALITORIDAE","14007"
"7299","ERYTHRINIDAE","13808"
"7300","CTENOLUCIIDAE","13803"
"7301","HEPSETIDAE","13810"
"7302","LEBIASINIDAE","13811"
"7303","GASTEROPELECIDAE","13802"
"7304","CURIMATIDAE","13812"
"7305","HEMIODONTIDAE","13805"
"7306","CITHARINIDAE","13806"
"7307","ALESTIDAE","13813"
"7308","CYNODONTIDAE","13814"
"7309","ANOSTOMIDAE","13804"
"7310","DIPLOMYSTIDAE","14101"
"7311","CRANOGLANIDIDAE","14129"
"7312","PANGASIIDAE","14130"
"7313","AMBLYCIPITIDAE","14111"
"7314","AMPHILIIDAE","14114"
"7315","AKYSIDAE","14112"
"7316","SISORIDAE","14113"
"7317","HETEROPNEUSTIDAE","14131"
"7318","CHACIDAE","14115"
"7319","MALAPTERURIDAE","14121"
"7320","DORADIDAE","14103"
"7321","AUCHENIPTERIDAE","14104"
"7322","ASPREDINIDAE","14133"
"7323","PIMELODIDAE","14122"
"7324","AGENEIOSIDAE","14105"
"7326","HELOGENEIDAE","14123"
"7327","CETOPSIDAE","14134"
"7328","TRICHOMYCTERIDAE","14125"
"7329","CALLICHTHYIDAE","14127"
"7330","LORICARIIDAE","14128"
"7331","PARAKYSIDAE","14136"
"7332","OLYRIDAE","14119"
"7333","GYMNOTIDAE","13903"
"7334","ELECTROPHORIDAE","13904"
"7335","APTERONOTIDAE","13905"
"7336","HYPOPOMIDAE","13906"
"7337","RHAMPHICHTHYIDAE","13901"
"7338","STERNOPYGIDAE","13907"
"7339","STOMIIDAE","12503"
"7340","PHOSICHTHYIDAE","12509"
"7341","PARALEPIDIDAE","13111"
"7342","OMOSUDIDAE","13106"
"7343","ALEPISAURIDAE","13107"
"7344","ANOTOPTERIDAE","13110"
"7345","EVERMANNELLIDAE","13104"
"7346","SCOPELARCHIDAE","13103"
"7347","NOTOSUDIDAE","13113"
"7348","PSEUDOTRICHONOTIDAE","13114"
"7349","IPNOPIDAE","13115"
"7350","STEPHANOBERYCIDAE","16115"
"7351","MELAMPHAIDAE","16113"
"7352","GIBBERICHTHYIDAE","16112"
"7353","DIRETMIDAE","16103"
"7354","POLYMIXIIDAE","16101"
"7355","ANOPLOGASTERIDAE","16114"
"7356","MONOCENTRIDAE","16109"
"7357","ANOMALOPIDAE","16110"
"7358","HOLOCENTRIDAE","16111"
"7359","HISPIDOBERYCIDAE","16116"
"7360","RONDELETIIDAE","16001"
"7361","BARBOURISIIDAE","16002"
"7362","CETOMIMIDAE","16003"
"7363","PARAZENIDAE","16205"
"7364","MACRUROCYTTIDAE","16206"
"7365","GRAMMICOLEPIDIDAE","16202"
"7366","PEGASIDAE","15004"
"7367","HYPOPTYCHIDAE","15005"
"7368","AULORHYNCHIDAE","15002"
"7369","AULOSTOMIDAE","15101"
"7370","FISTULARIIDAE","15102"
"7371","CENTRISCIDAE","15104"
"7372","SOLENOSTOMIDAE","15105"
"7373","SYNGNATHIDAE","15106"
"7374","MASTACEMBELIDAE","16804"
"7375","CHAUDHURIIDAE","16805"
"7376","CARACANTHIDAE","17803"
"7377","APLOACTINIDAE","17804"
"7378","PATAECIDAE","17806"
"7379","HOPLICHTHYIDAE","17810"
"7380","CONGIOPODIDAE","17811"
"7381","COTTOCOMEPHORIDAE","17814"
"7382","COMEPHORIDAE","17815"
"7383","PSYCHROLUTIDAE","17818"
"7384","AGONIDAE","17819"
"7385","DACTYLOPTERIDAE","17824"
"7386","EREUNIIDAE","17825"
"7387","BEMBRIDAE","17826"
"7388","GNATHANACANTHIDAE","17827"
"7389","BATHYLUTICHTHYIDAE","17828"
"7390","APISTIDAE","17832"
"7391","TETRAROGIDAE","17821"
"7392","SYNANCEIIDAE","17805"
"7393","PERISTEDIIDAE","17822"
"7394","ZANIOLEPIDIDAE","17834"
"7395","ABYSSOCOTTIDAE","17836"
"7396","HEMITRIPTERIDAE","17837"
"7397","PSEUDOCHROMIDAE","17018"
"7398","GRAMMATIDAE","17075"
"7399","PLESIOPIDAE","17007"
"7400","GLAUCOSOMATIDAE","17003"
"7401","POLYPRIONIDAE","17005"
"7402","KUHLIIDAE","17009"
"7403","MALACANTHIDAE","17017"
"7404","MENIDAE","17026"
"7405","ECHENEIDAE","17042"
"7406","LOBOTIDAE","17034"
"7407","MONODACTYLIDAE","17045"
"7408","PEMPHERIDAE","17048"
"7409","LEPTOBRAMIDAE","17098"
"7410","BATHYCLUPEIDAE","17054"
"7411","TOXOTIDAE","17044"
"7412","ENOPLOSIDAE","17053"
"7413","PENTACEROTIDAE","17057"
"7414","EPIGONIDAE","17096"
"7415","NANDIDAE","17056"
"7416","OPLEGNATHIDAE","17058"
"7417","EMBIOTOCIDAE","17061"
"7418","CIRRHITIDAE","17067"
"7419","CHIRONEMIDAE","17068"
"7420","APLODACTYLIDAE","17069"
"7421","CEPOLIDAE","17060"
"7422","ODACIDAE","17064"
"7423","OPISTOGNATHIDAE","17073"
"7424","POMACANTHIDAE","17066"
"7425","NEMATISTIIDAE","17024"
"7426","INERMIIDAE","17031"
"7427","AMBASSIDAE","17095"
"7428","DREPANEIDAE","17050"
"7429","CALLANTHIIDAE","17089"
"7430","NOTOGRAPTIDAE","17081"
"7431","DINOPERCIDAE","17090"
"7432","BOVICHTIDAE","17091"
"7433","SCOMBROPIDAE","17021"
"7434","CENTROGENIIDAE","17083"
"7435","PARASCORPIDIDAE","17082"
"7436","OSTRACOBERYCIDAE","17074"
"7437","SYMPHYSANODONTIDAE","17080"
"7438","POMACENTRIDAE","17062"
"7439","COIIDAE","17084"
"7440","BATHYMASTERIDAE","17103"
"7441","STICHAEIDAE","17110"
"7442","CRYPTACANTHODIDAE","17123"
"7443","MAJIDAE","23121"
"7444","PARASTACIDAE","22905"
"7445","NEPHROPIDAE","22942"
"7446","DAPHNIIDAE","20101"
"7447","ODONTODACTYLIDAE","22502"
"7448","LYSIOSQUILLIDAE","22503"
"7449","HARPIOSQUILLIDAE","22504"
"7450","HEMISQUILLIDAE","22505"
"7451","PSEUDOSQUILLIDAE","22506"
"7452","NEMATOCARCINIDAE","22830"
"7453","PASIPHAEIDAE","22831"
"7454","RHYNCHOCINETIDAE","22832"
"7455","CAMPYLONOTIDAE","22833"
"7456","ALPHEIDAE","22834"
"7457","OGYRIDIDAE","22835"
"7458","HIPPOLYTIDAE","22836"
"7459","PROCESSIDAE","22837"
"7460","GNATOPHYLLIDAE","22813"
"7461","BENTHESICYMIDAE","22814"
"7462","GLYPHOCRANGONIDAE","22815"
"7463","THAUMASTOCHELIDAE","22902"
"7464","POLYCHELIDAE","22944"
"7465","GLYPHEIDAE","22945"
"7466","SYNAXIDAE","22947"
"7467","THALASSINIDAE","22948"
"7468","UPOGEBIIDAE","22949"
"7469","CALLIANASSIDAE","22959"
"7470","AXIIDAE","22960"
"7471","ENOPLOMETOPIDAE","22961"
"7472","CAMBARIDAE","22904"
"7473","STENOPODIDAE","22808"
"7474","OPLOPHORIDAE","22810"
"7475","ALBUNEIDAE","23001"
"7476","DIOGENIDAE","23002"
"7477","HIPPIDAE","23003"
"7478","COENOBITIDAE","23004"
"7479","CALAPPIDAE","23101"
"7480","HOMOLIDAE","23102"
"7481","OCYPODIDAE","23103"
"7482","GECARCINIDAE","23104"
"7483","DROMIIDAE","23105"
"7484","RANINIDAE","23106"
"7485","DORIPPIDAE","23107"
"7486","PILUMNIDAE","23108"
"7487","GONEPLACIDAE","23114"
"7488","GERYONIDAE","23143"
"7489","PHOLIDAE","17111"
"7490","PTILICHTHYIDAE","17114"
"7491","ZAPRORIDAE","17119"
"7492","SCYTALINIDAE","17118"
"7493","CREEDIIDAE","17211"
"7494","TRACHINIDAE","17212"
"7495","URANOSCOPIDAE","17213"
"7496","LEPTOSCOPIDAE","17214"
"7497","AMMODYTIDAE","17204"
"7498","TRICHODONTIDAE","17272"
"7499","SPHYRAENIDAE","17710"
"7500","DACTYLOSCOPIDAE","17712"
"7501","TRIPTERYGIIDAE","17713"
"7502","CLINIDAE","17714"
"7503","BLENNIIDAE","17715"
"7504","ICOSTEIDAE","17716"
"7505","SCHINDLERIIDAE","17717"
"7506","KURTIDAE","17718"
"7507","CHANNIDAE","17719"
"7508","CALLIONYMIDAE","17720"
"7509","DRACONETTIDAE","17721"
"7510","PHOLIDICHTHYIDAE","17711"
"7511","LABRISOMIDAE","17722"
"7512","CHAENOPSIDAE","17723"
"7513","SCOMBROLABRACIDAE","17724"
"7514","ELASSOMATIDAE","17725"
"7515","LUVARIDAE","17408"
"7516","ZANCLIDAE","17409"
"7517","NOMEIDAE","17606"
"7518","TETRAGONURIDAE","17602"
"7519","LUCIOCEPHALIDAE","17613"
"7520","RHYACICHTHYIDAE","17323"
"7521","KRAEMERIIDAE","17324"
"7522","MICRODESMIDAE","17325"
"7523","XENISTHMIDAE","17326"
"7524","ODONTOBUTIDAE","17327"
"7525","PARALICHTHYIDAE","18308"
"7526","ACHIRIDAE","18309"
"7527","ACHIROPSETTIDAE","18310"
"7528","SAMARIDAE","18311"
"7529","TRIACANTHODIDAE","19005"
"7530","TRIACANTHIDAE","19006"
"7531","MOLIDAE","19008"
"7532","TRIODONTIDAE","19007"
"7533","DIODONTIDAE","19003"
"7534","OSTRACIIDAE","19001"
"7535","MONACANTHIDAE","19009"
"7536","UMBRIDAE","12402"
"7537","ASTROBLEPIDAE","14135"
"7538","OPHIDIIDAE","15802"
"7539","CARAPIDAE","15805"
"7540","BYTHITIDAE","15806"
"7541","APHYONIDAE","15807"
"7542","PARABROTULIDAE","15808"
"7543","SCALPELLIDAE","21301"
"7544","LEPADIDAE","21302"
"7545","SQUILLIDAE","22501"
"7546","EUPHAUSIIDAE","22601"
"7547","PENAEIDAE","22801"
"7548","ARISTAEIDAE","22802"
"7549","PANDALIDAE","22804"
"7550","SERGESTIDAE","22807"
"7551","ATYIDAE","22809"
"7552","PALAEMONIDAE","22812"
"7553","CRANGONIDAE","22823"
"7554","SICYONIIDAE","22828"
"7555","SOLENOCERIDAE","22829"
"7556","PALINURIDAE","22901"
"7557","ASTACIDAE","22903"
"7558","CANCRIDAE","23109"
"7559","XANTHIDAE","23110"
"7560","PORTUNIDAE","23111"
"7561","GRAPSIDAE","23113"
"7562","SCYLLARIDAE","22915"
"7563","GALATHEIDAE","23019"
"7564","LITHODIDAE","23020"
"7565","ARGONAUTIDAE","32108"
"7566","BATHYTEUTHIDAE","32117"
"7567","BRACHIOTEUTHIDAE","32118"
"7568","CHIROTEUTHIDAE","32110"
"7569","CRANCHIIDAE","32107"
"7570","CTENOPTERYGIDAE","32130"
"7571","CYCLOTEUTHIDAE","32132"
"7572","ENOPLOTEUTHIDAE","32113"
"7573","GONATIDAE","32114"
"7574","HISTIOTEUTHIDAE","32111"
"7575","LEPIDOTEUTHIDAE","32112"
"7576","LOLIGINIDAE","32104"
"7577","NAUTILIDAE","32128"
"7578","NEOTEUTHIDAE","32126"
"7579","OCTOPODIDAE","32109"
"7580","OCTOPOTEUTHIDAE","32121"
"7581","OCYTHOIDAE","32141"
"7582","OMMASTREPHIDAE","32105"
"7583","ONYCHOTEUTHIDAE","32106"
"7584","OPISTHOTEUTHIDAE","32127"
"7585","PSYCHROTEUTHIDAE","32125"
"7586","SEPIADARIIDAE","32101"
"7587","SEPIIDAE","32102"
"7588","SEPIOLIDAE","32103"
"7589","THYSANOTEUTHIDAE","32124"
"7590","TREMOCTOPODIDAE","32140"
"7591","ANOMIIDAE","31620"
"7592","ARCIDAE","31604"
"7593","ARCTICIDAE","31609"
"7594","CARDIIDAE","31623"
"7595","CARDITIDAE","31633"
"7596","CHAMIDAE","31602"
"7597","CORBICULIDAE","31621"
"7598","DONACIDAE","31615"
"7599","FIMBRIIDAE","31622"
"7600","HIATELLIDAE","31618"
"7601","MACTRIDAE","31612"
"7602","MESODESMATIDAE","31624"
"7603","MYIDAE","31617"
"7604","MYTILIDAE","31610"
"7605","OSTREIDAE","31607"
"7606","PECTINIDAE","31608"
"7607","PTERIIDAE","31606"
"7608","SOLENIDAE","31616"
"7609","TRIDACNIDAE","31626"
"7610","UNIONIDAE","31605"
"7611","VENERIDAE","31611"
"7612","GLAUCONOMIDAE","31601"
"7613","GLOSSIDAE","31603"
"7614","GLYCYMERIDIDAE","31613"
"7615","GRYPHAEIDAE","31614"
"7616","HEMIDONACIDAE","31619"
"7617","ISOGNOMONIDAE","31625"
"7618","LATERNULIDAE","31627"
"7619","LIMIDAE","31628"
"7620","LIMOPSIDAE","31629"
"7621","LUCINIDAE","31630"
"7622","MALLEIDAE","31631"
"7623","MALLETIIDAE","31632"
"7624","NOETIIDAE","31634"
"7625","NUCULANIDAE","31635"
"7626","PHOLADIDAE","31636"
"7627","PINNIDAE","31637"
"7628","PSAMMOBIIDAE","31638"
"7629","CUCULLAEIDAE","31644"
"7630","PLACUNIDAE","31645"
"7631","PETRICOLIDAE","31647"
"7632","SCROBICULARIIDAE","31648"
"7633","TEREDINIDAE","31646"
"7634","SEMELIDAE","31639"
"7635","SOLECURTIDAE","31640"
"7636","SPONDYLIDAE","31641"
"7637","TELLINIDAE","31642"
"7638","SOLEMYIDAE","31649"
"7639","THRACIIDAE","31650"
"7640","ACANTHOCHITONIDAE","30306"
"7641","APORRHAIDIDAE","30727"
"7642","ARCHITECTONICIDAE","30747"
"7643","BUCCINIDAE","30708"
"7644","BURSIDAE","30710"
"7645","CAPULIDAE","30728"
"7646","CASSIDAE","30711"
"7647","CERITHIIDAE","30729"
"7648","CHAETODERMATIDAE","30201"
"7649","CHAETOPLEURIDAE","30304"
"7650","CHITONIDAE","30301"
"7651","COLUBRARIIDAE","30741"
"7652","COLUMBELLIDAE","30712"
"7653","CONIDAE","30745"
"7654","CORALLIOPHILIDAE","30730"
"7655","COSTELLARIIDAE","30744"
"7656","CREPIDULIDAE","30713"
"7657","CYPRAEIDAE","30738"
"7658","DENTALIIDAE","30401"
"7659","DOLABELLIDAE","30748"
"7660","DONDERSIIDAE","30203"
"7661","DREISSENIDAE","31651"
"7662","ENTALINIDAE","30402"
"7663","FASCIOLARIIDAE","30714"
"7664","FICIDAE","30740"
"7665","FISSURELIDAE","30715"
"7666","HALIOTIDAE","30703"
"7667","HANLEYIDAE","30303"
"7668","HARPIDAE","30743"
"7669","ISCHNOCHITONIDAE","30302"
"7670","LITTORINIDAE","30701"
"7671","LOTTIIDAE","30716"
"7672","MELAMPIDAE","30749"
"7673","MELONGENIDAE","30709"
"7674","MITRIDAE","30732"
"7675","MOPALIIDAE","30305"
"7676","MURICIDAE","30702"
"7677","NASSARIIDAE","30733"
"7678","NATICIDAE","30717"
"7679","NERITIDAE","30735"
"7680","OLIVIDAE","30718"
"7681","OVULIDAE","30739"
"7682","PATELLIDAE","30719"
"7683","PERSONIDAE","30720"
"7684","POTAMIDIDAE","30721"
"7685","PROCHAETODERMATIDAE","30202"
"7686","PULSELLIDAE","30403"
"7687","RANELLIDAE","30731"
"7688","SIPHONARIIDAE","30722"
"7689","STROMBIDAE","30706"
"7690","STRUTHIOLARIIDAE","30750"
"7691","TEREBRIDAE","30746"
"7692","TONNIDAE","30723"
"7693","TROCHIDAE","30704"
"7694","TURBINELLIDAE","30725"
"7695","TURBINIDAE","30705"
"7696","TURRIDAE","30726"
"7697","TURRITELLIDAE","30734"
"7698","VERMETIDAE","30736"
"7699","VOLUTIDAE","30742"
"7700","XENOPHORIDAE","30737"
"7701","BALAENIDAE","42303"
"7702","BALAENOPTERIDAE","42302"
"7703","DELPHINIDAE","42204"
"7704","DUGONGIDAE","41401"
"7705","ESCHRICHTIIDAE","42304"
"7706","INIIDAE","42208"
"7707","KOGIIDAE","42207"
"7708","MONODONTIDAE","42206"
"7709","MUSTELIDAE","40701"
"7710","NEOBALAENIDAE","42305"
"7711","ODOBENIDAE","40602"
"7712","OTARIIDAE","40601"
"7713","PHOCIDAE","40603"
"7714","PHOCOENIDAE","42205"
"7715","PHYSETERIDAE","42203"
"7716","PLATANISTIDAE","42201"
"7717","PONTOPORIIDAE","42209"
"7718","TRICHECHIDAE","41402"
"7719","URSIDAE","40702"
"7720","ZIPHIIDAE","42202"
"7721","CHELONIIDAE","53107"
"7722","CROCODYLIDAE","53601"
"7723","DERMOCHELYIDAE","53101"
"7724","ELAPIDAE","53302"
"7725","EMYDIDAE","53106"
"7726","HYDROPHIIDAE","53301"
"7727","LEPTODACTYLIDAE","51203"
"7728","MICROHYLIDAE","51204"
"7729","PIPIDAE","51202"
"7730","RANIDAE","51201"
"7731","TRIONYCHIDAE","53111"
"7732","ACROPORIDAE","61902"
"7733","ACTINIIDAE","61903"
"7734","AGARICIIDAE","61904"
"7735","ANTIPATHIDAE","61918"
"7736","ARBACIIDAE","69305"
"7737","ARENICOLIDAE","64920"
"7738","ASTERIIDAE","69105"
"7739","CARYOPHYLLIIDAE","61905"
"7740","CIONIDAE","69601"
"7741","CLYPEASTERIDAE","69307"
"7742","CORALLIIDAE","61901"
"7743","DIADEMATIDAE","69303"
"7744","ECHINIDAE","69304"
"7745","ECHINOMETRIDAE","69306"
"7746","FAVIIDAE","61906"
"7747","FUNGIIDAE","61907"
"7748","GLICERIDAE","64905"
"7749","HELIOPORIDAE","61908"
"7750","HOLOTHURIIDAE","69401"
"7751","HORMATHIIDAE","61909"
"7752","ISIDIDAE","61919"
"7753","LIMULIDAE","65601"
"7754","LUMBRINERIDAE","64907"
"7755","MELLITIDAE","69310"
"7756","MERULINIDAE","61910"
"7757","MILLEPORIDAE","61701"
"7758","MNEMIIDAE","62001"
"7759","MUSSIDAE","61911"
"7760","NEPHTYIDAE","64902"
"7761","NEREIDIDAE","64908"
"7762","ONUPHIDAE","64914"
"7763","PECTINIIDAE","61912"
"7764","POCILLOPORIDAE","61913"
"7765","PORITIDAE","61914"
"7766","PYURIDAE","69609"
"7767","RHIZOSTOMIDAE","61841"
"7768","SALPIDAE","69701"
"7769","SIDERASTREIDAE","61915"
"7770","SIPUNCULIDAE","65301"
"7771","SPONGIIDAE","61501"
"7772","STICHOPODIDAE","69414"
"7773","STOMOLOPHIDAE","61802"
"7774","STRONGYLOCENTROTIDAE","69302"
"7775","STYELIDAE","69602"
"7776","TOXOPNEUSTIDAE","69308"
"7777","ULMARIIDAE","61801"
"7778","BRACHIONIDAE","63701"
"7779","DIOMEDEIDAE","56101"
"7780","LARIDAE","56801"
"7781","PROCELLARIIDAE","56102"
"7782","SPHENISCIDAE","55801"
"7783","ALARIACEAE","77104"
"7784","BANGIACEAE","78720"
"7785","BONNEMAISONIACEAE","78725"
"7786","CAULERPACEAE","74105"
"7787","CERAMIACEAE","78721"
"7788","CLADOPHORACEAE","74103"
"7789","CODIACEAE","74104"
"7790","CORALLINACEAE","78709"
"7791","CRYPTHECODINIACEAE","73101"
"7792","CYMODOCEACEAE","79203"
"7793","CYSTOCLONIACEAE","78706"
"7794","CYSTOSEIRACEAE","77109"
"7795","DELESSERIACEAE","78723"
"7796","DICTYOTACEAE","77111"
"7797","DUNALIELLACEAE","74102"
"7798","DURVILLAEACEAE","77108"
"7799","FUCACEAE","77106"
"7800","FURCELLARIACEAE","78710"
"7801","GALAXAURACEAE","78724"
"7802","GELIDIACEAE","78726"
"7803","GIGARTINACEAE","78716"
"7804","GRACILARIACEAE","78712"
"7805","HIMANTHALIACEAE","77107"
"7806","HYPNEACEAE","78701"
"7807","LAMINARIACEAE","77102"
"7808","LESSONIACEAE","77105"
"7809","MONOSTROMATACEAE","74107"
"7810","NEMALIACEAE","78715"
"7811","NITZSCHIACEAE","72101"
"7812","OOCYSTACEAE","74101"
"7813","OSCILLATORIACEAE","71101"
"7814","PALMARIACEAE","78714"
"7815","PETROCELIDACEAE","78708"
"7816","PHYLLOPHORACEAE","78702"
"7817","PLOCAMIACEAE","78707"
"7818","POSIDONIACEAE","79201"
"7819","RHIZOPHYLLIDACEAE","78713"
"7820","RHODOMELACEAE","78722"
"7821","RISSOELLACEAE","78704"
"7822","SARGASSACEAE","77110"
"7823","SCYTOSIPHONACEAE","77101"
"7824","SOLIERIACEAE","78705"
"7825","SPHAEROCOCCACEAE","78711"
"7826","THALASSIOSIRACEAE","72102"
"7827","UDOTEACEAE","74106"
"7828","ULVACEAE","74108"
"7829","ZOSTERACEAE","79202"
"7830","AHNFELTIACEAE","78729"
"7831","ATELECYCLIDAE","23123"
"7832","BALANIDAE","21303"
"7833","CRYPTONEMIACEAE","78728"
"7834","CYPERACEAE","79204"
"7835","DUMONTIACEAE","78730"
"7836","HYDROBATIDAE","56103"
"7837","KALLYMENIACEAE","78727"
"7838","TUBIPORIDAE","61917"
"7839","ELOPIDAE","12901"
"7840","MEGALOPIDAE","12902"
"7841","ALBULIDAE","13001"
"7842","BANJOSIDAE","17025"
"7843","AEQUOREIDAE","61702"
"7844","PELAGIIDAE","61803"
"7845","GORGONIIDAE","61927"
"7846","CHIONIDIDAE","56807"
"7847","PHALACROCORACIDAE","56202"
"7848","SULIDAE","56203"
"7849","VIVIPARIDAE","30751"
"7850","SPIRULIDAE","32129"
"7851","OREGONIIDAE","23122"
"7852","CALYPTRAEIDAE","30752"
"7853","STERCORARIIDAE","56806"
"7854","ARDEIDAE","56302"
"7855","ANATIDAE","56401"
"7856","ACCIPITRIDAE","56501"
"7857","GAVIIDAE","55901"
"7858","PODICIPEDIDAE","56001"
"7859","APHRODITIDAE","64903"
"7860","OPHIODERMATIDAE","69201"
"7861","PAGURIDAE","23021"
"7862","ASTERINIDAE","69106"
"7863","ASTROPECTINIDAE","69107"
"7864","ANTEDONIDAE","69501"
"7865","ALCYONIIDAE","61928"
"7866","NEPHTHEIDAE","61929"
"7867","SCHIZOPATHIDAE","61930"
"7868","FLABELLIDAE","61931"
"7869","ACANTHOGORGIIDAE","61932"
"7870","PLEXAURIDAE","61933"
"7871","PARAGORGIIDAE","61934"
"7872","PRIMNOIDAE","61935"
"7873","CHRYSOGORGIIDAE","61936"
"7874","ANTHOPTILIDAE","61937"
"7875","FUNICULINIDAE","61938"
"7876","HALIPTERIDAE","61939"
"7877","OMBELLULIDAE","61940"
"7878","PENNATULIDAE","61941"
"7879","CALLYSPONGIIDAE","61502"
"7880","CRELLIDAE","61503"
"7881","IRCINIIDAE","61505"
"7882","PACHASTRELLIDAE","61506"
"7883","SCLERITODERMIDAE","61507"
"7884","LIPONEMATIDAE","61942"
"7885","CLAVULARIIDAE","61943"
"7886","DENDROPHYLLIIDAE","61944"
"7887","OCULINIDAE","61945"
"7888","EUNICIDAE","64921"
"7889","POLYNOIDAE","64922"
"7890","EUCIROIDAE","31652"
"7891","BATHYPOLYPODINAE","32142"
"7892","CALLIOSTOMATIDAE","30753"
"7893","LYSIANASSIDAE","22401"
"7894","PARAPAGURIDAE","23022"
"7895","AEGIDAE","22301"
"7896","SEROLIDAE","22302"
"7897","EURETIDAE","61401"
"7898","ROSSELLIDAE","61402"
"7899","ACTINOSTOLIDAE","61946"
"7900","COLOSSENDEIDAE","65501"
"7901","BENTHOPECTINIDAE","69108"
"7902","BRISINGIDAE","69109"
"7903","GONIASTERIDAE","69110"
"7904","ODONTASTERIDAE","69111"
"7905","SOLASTERIDAE","69112"
"7906","ZOROASTERIDAE","69113"
"7907","PEDINIDAE","69313"
"7908","SPATANGIDAE","69314"
"7909","TEMNOPLEURIDAE","69315"
"7910","GORGONOCEPHALIDAE","69202"
"7911","PYROSOMATIDAE","69702"
"7912","STYLOCORDYLIDAE","61508"
"7913","SUBERITIDAE","61509"
"7914","TETILLIDAE","61510"
"7915","LEUCETTIDAE","61301"
"7916","CAPNEIDAE","61947"
"7917","DORIDIDAE","30754"
"7918","LEPTOCHITONIDAE","30307"
"7919","ARACHNOPUSIIDAE","60501"
"7920","CALWELLIIDAE","60502"
"7921","SCRUPOCELLARIIDAE","60503"
"7922","CELLEPORIDAE","60504"
"7923","FLUSTRIDAE","60505"
"7924","ROMANCHEINIDAE","60506"
"7925","SMITTINIDAE","60507"
"7926","HEMITHYRIDIDAE","64301"
"7927","AUSTRODECIDAE","65502"
"7928","CALLIPALLENIDAE","65503"
"7929","NYMPHONIDAE","65504"
"7930","PALLENOPSIDAE","65505"
"7931","HYPERIIDAE","22402"
"7932","ANTARCTURIDAE","22303"
"7933","ARCTURIDIDAE","22304"
"7934","GNATHIIDAE","22305"
"7935","LABIDIASTERIDAE","69114"
"7936","ECHINASTERIDAE","69115"
"7937","GANERIIDAE","69116"
"7938","PORANIIDAE","69117"
"7939","PTERASTERIDAE","69118"
"7940","OPHIACANTHIDAE","69203"
"7941","OPHIURIDAE","69204"
"7942","ASTERONYCHIDAE","69205"
"7943","SCHIZASTERIDAE","69316"
"7944","CHIRIDOTIDAE","69402"
"7945","MOLPADIIDAE","69403"
"7946","SYNALLACTIDAE","69404"
"7947","CUCUMARIIDAE","69405"
"7948","PSOLIDAE","69406"
"7949","ASCIDIIDAE","69603"
"7950","DIAZONIDAE","69604"
"7951","HOLOZOIDAE","69605"
"7952","POLYCLINIDAE","69606"
"7953","MOLGULIDAE","69607"
"7954","ACESTRORHYNCHIDAE","13815"
"7955","GEODIIDAE","61504"
"7956","CALANIDAE","20901"
"7958","PISIDAE","23124"
"7959","INACHIDAE","23146"
"7960","CAPITELLIDAE","64923"
"7961","SABELLIDAE","64924"
"7962","PHASCOLOSOMATIDAE","65302"
"7963","CHORDARIACEAE","77112"
"7964","SPONGILLIDAE","61511"
"8127","LIPARIDAE","17823"
"8128","ARTEDIDRACONIDAE","17088"
"8129","PELECANOIDIDAE","56104"
"8130","STYLASTERIDAE","61703"
"8139","CIDARIDAE","69312"
"8140","SERPULIDAE","64918"
"8141","BATHYLASMATIDAE","21304"
"8143","CRYPTOBRANCHIDAE","51501"
"8144","HAEMATOCOCCACEAE","74109"
"8145","PLAGUSIIDAE","23145"
"8146","POLLICIPEDIDAE","21305"
"8147","ALCIDAE","56802"
"8400","DISTICHODONTIDAE","13816"
"8401","MORDACIIDAE","10202"
"8402","GEOTRIIDAE","10203"
"8403","MENIPPIDAE","23147"
"8404","HAMINOEIDAE","30755"
"8405","DICROGLOSSIDAE","51205"
"8406","GEOEMYDIDAE","53115"
"8407","GLYPTOCIDARIDAE","69317"
"8408","AMPULLARIIDAE","30756"
"8409","PODOCNEMIDIDAE","53113"
"8410","ULOTRICHACEAE","74110"
"8411","URISTIDAE","22403"
"8412","GAMMARIDAE","22404"
"8413","GECARCINUCIDAE","23148"
"8414","EUCRATEIDAE","60508"
"8415","EUPLECTELLIDAE","61403"
"8417","ACARNIDAE","61512"
"8418","ANCORINIDAE","61513"
"8419","AXINELLIDAE","61514"
"8420","BIEMNIDAE","61515"
"8421","CHALINIDAE","61516"
"8422","CLADORHIZIDAE","61517"
"8423","COELOSPHAERIDAE","61518"
"8424","DICTYODENDRILLIDAE","61519"
"8425","ESPERIOPSIDAE","61520"
"8426","HAMACANTHIDAE","61521"
"8427","MYCALIDAE","61522"
"8428","MYXILLIDAE","61523"
"8429","HYMEDESMIIDAE","61524"
"8430","POLYMASTIIDAE","61525"
"8431","THENEIDAE","61526"
"8432","SYCETTIDAE","61527"
"8433","ANTHOTHELIDAE","61948"
"8434","CERIANTHIDAE","61949"
"8435","KOPHOBELEMNIDAE","61950"
"8436","PROTOPTILIDAE","61951"
"8437","URECHIDAE","64925"
"8438","BOURGUETICRINIDAE","69502"
"8439","PHYLLARIACEAE","77113"
"8440","CHORDACEAE","77114"
"8441","NELUMBONACEAE","79205"
"8443","VAMPYROTEUTHIDAE","32133"
"8444","CATOSTYLIDAE","61804"
"8446","ACARTIIDAE","20902"
"8447","LEUCOSIIDAE","23149"
"8448","PORCELLANIDAE","23023"
"8449","CHLORODENDRACEAE","74112"
"8450","ARCHAEOBALANIDAE","21306"
"8451","LATEOLABRACIDAE","17049"
"8452","HOWELLIDAE","17051"
"8453","PELECANIDAE","56201"
"8454","OITHONIDAE","20903"
"8455","TEMORIDAE","20904"
"8456","CALLIOPIIDAE","22405"
"8457","EUSIRIDAE","22406"
"8458","CALIGIDAE","20905"
"8459","RISSOOIDAE","30757"
"8460","LUIDIIDAE","69119"
"8461","CLAVELINIDAE","69610"
"8462","LOMENTARIACEAE","78731"
"8463","DOLIOLIDAE","69703"
"8464","PODONIDAE","20102"
"8465","PHAETHONTIDAE","56204"
"8466","FREGATIDAE","56205"
"8467","STERNIDAE","56803"
"8468","OIKOPLEURIDAE","69801"
